USE employeetest;

CREATE TABLE DEPARTMENT
(DNO VARCHAR (10) PRIMARY KEY,
DNAME VARCHAR (20),
MGRSTARTDATE DATE);

CREATE TABLE EMPLOYEE
(SSN VARCHAR (10) PRIMARY KEY,
SUPERSSN VARCHAR (10),
DNO VARCHAR (10),
FNAME VARCHAR (8),
LNAME VARCHAR (8),
ADDRESS VARCHAR (10),
SEX CHAR (1),
SALARY bigint,
FOREIGN KEY (SUPERSSN) REFERENCES EMPLOYEE (SSN),
FOREIGN KEY (DNO) REFERENCES DEPARTMENT (DNO));

ALTER TABLE DEPARTMENT
ADD MGRSSN VARCHAR (10) REFERENCES EMPLOYEE (SSN);

CREATE TABLE DLOCATION
(DNO VARCHAR (10),
DLOC VARCHAR (10),
PRIMARY KEY (DNO, DLOC),
FOREIGN KEY (DNO) REFERENCES DEPARTMENT (DNO));

CREATE TABLE PROJECT
(PNO INTEGER PRIMARY KEY,
DNO VARCHAR (10),
PNAME VARCHAR (20),
PLOCATION VARCHAR (20),
FOREIGN KEY (DNO) REFERENCES DEPARTMENT (DNO));

CREATE TABLE WORKS_ON
(HOURS int,
SSN VARCHAR (10),
PNO INTEGER,
PRIMARY KEY (SSN, PNO),
FOREIGN KEY (SSN) REFERENCES EMPLOYEE (SSN),
FOREIGN KEY (PNO) REFERENCES PROJECT (PNO)
);

-- insert queries
INSERT INTO EMPLOYEE (SSN, FNAME, LNAME, ADDRESS, SEX, SALARY) VALUES ('RNSECE01','JOHN','SCOTT','BANGALORE','M', 450000);
INSERT INTO EMPLOYEE (SSN, FNAME, LNAME, ADDRESS, SEX, SALARY) VALUES ('RNSCSE01','JAMES','SMITH','BANGALORE','M', 500000);
INSERT INTO EMPLOYEE (SSN, FNAME, LNAME, ADDRESS, SEX, SALARY) VALUES ('RNSCSE02','HEARN','BAKER','BANGALORE','M', 700000);
INSERT INTO EMPLOYEE (SSN, FNAME, LNAME, ADDRESS, SEX, SALARY) VALUES ('RNSCSE03','EDWARD','SCOTT','MYSORE','M', 500000);
INSERT INTO EMPLOYEE (SSN, FNAME, LNAME, ADDRESS, SEX, SALARY) VALUES ('RNSCSE04','PAVAN','HEGDE','MANGALORE','M', 650000);
INSERT INTO EMPLOYEE (SSN, FNAME, LNAME, ADDRESS, SEX, SALARY) VALUES ('RNSCSE05','GIRISH','MALYA','MYSORE','M', 450000);
INSERT INTO EMPLOYEE (SSN, FNAME, LNAME, ADDRESS, SEX, SALARY) VALUES ('RNSCSE06','NEHA','SN','BANGALORE','F', 800000);
INSERT INTO EMPLOYEE (SSN, FNAME, LNAME, ADDRESS, SEX, SALARY) VALUES ('RNSACC01','AHANA','K','MANGALORE','F', 350000);
INSERT INTO EMPLOYEE (SSN, FNAME, LNAME, ADDRESS, SEX, SALARY) VALUES ('RNSACC02','SANTHOSH','KUMAR','MANGALORE','M', 300000);
INSERT INTO EMPLOYEE (SSN, FNAME, LNAME, ADDRESS, SEX, SALARY) VALUES ('RNSISE01','VEENA','M','MYSORE','M', 600000);
INSERT INTO EMPLOYEE (SSN, FNAME, LNAME, ADDRESS, SEX, SALARY) VALUES ('RNSIT01','NAGESH','HR','BANGALORE','M', 500000);

INSERT INTO DEPARTMENT VALUES ('1','ACCOUNTS','01-01-01','RNSACC02');
INSERT INTO DEPARTMENT VALUES ('2','IT','01-08-16','RNSIT01');
INSERT INTO DEPARTMENT VALUES ('3','ECE','01-06-08','RNSECE01');
INSERT INTO DEPARTMENT VALUES ('4','ISE','01-08-15','RNSISE01');
INSERT INTO DEPARTMENT VALUES ('5','CSE','01-06-02','RNSCSE05');

/*Note: update entries of employee table to fill missing fields SUPERSSN and DNO*/

UPDATE EMPLOYEE SET
SUPERSSN=NULL, DNO='3'
WHERE SSN='RNSECE01';

UPDATE EMPLOYEE SET
SUPERSSN='RNSCSE02', DNO='5'
WHERE SSN='RNSCSE01';

UPDATE EMPLOYEE SET
SUPERSSN='RNSCSE03', DNO='5'
WHERE SSN='RNSCSE02';

UPDATE EMPLOYEE SET
SUPERSSN='RNSCSE04', DNO='5'
WHERE SSN='RNSCSE03';

UPDATE EMPLOYEE SET
DNO='5', SUPERSSN='RNSCSE05'
WHERE SSN='RNSCSE04';

UPDATE EMPLOYEE SET
DNO='5', SUPERSSN='RNSCSE06'
WHERE SSN='RNSCSE05';

UPDATE EMPLOYEE SET
DNO='5', SUPERSSN=NULL
WHERE SSN='RNSCSE06';

UPDATE EMPLOYEE SET
DNO='1', SUPERSSN='RNSACC02'
WHERE SSN='RNSACC01';

UPDATE EMPLOYEE SET
DNO='1', SUPERSSN=NULL
WHERE SSN='RNSACC02';

UPDATE EMPLOYEE SET
DNO='4', SUPERSSN=NULL
WHERE SSN='RNSISE01';

UPDATE EMPLOYEE SET
DNO='2', SUPERSSN=NULL
WHERE SSN='RNSIT01';

INSERT INTO DLOCATION VALUES ('1', 'BANGALORE');
INSERT INTO DLOCATION VALUES ('2', 'BANGALORE');
INSERT INTO DLOCATION VALUES ('3', 'BANGALORE');
INSERT INTO DLOCATION VALUES ('4', 'MANGALORE');
INSERT INTO DLOCATION VALUES ('5', 'MANGALORE');

INSERT INTO PROJECT VALUES (100,'5', 'IOT','BANGALORE');
INSERT INTO PROJECT VALUES (101,'5','CLOUD','BANGALORE');
INSERT INTO PROJECT VALUES (102,'5', 'BIGDATA','BANGALORE');
INSERT INTO PROJECT VALUES (103,'3','SENSORS','BANGALORE');
INSERT INTO PROJECT VALUES (104,'1','BANK MANAGEMENT','BANGALORE');
INSERT INTO PROJECT VALUES (105,'1','SALARY MANAGEMENT','BANGALORE');
INSERT INTO PROJECT VALUES (106,'4','OPENSTACK','BANGALORE');
INSERT INTO PROJECT VALUES (107,'2','SMART CITY','BANGALORE');

INSERT INTO WORKS_ON VALUES (4, 'RNSCSE01', 100);
INSERT INTO WORKS_ON VALUES (6, 'RNSCSE01', 101);
INSERT INTO WORKS_ON VALUES (8, 'RNSCSE01', 102);
INSERT INTO WORKS_ON VALUES (10, 'RNSCSE02', 100);
INSERT INTO WORKS_ON VALUES (3, 'RNSCSE04', 100);
INSERT INTO WORKS_ON VALUES (4, 'RNSCSE05', 101);
INSERT INTO WORKS_ON VALUES (5, 'RNSCSE06', 102);
INSERT INTO WORKS_ON VALUES (6, 'RNSCSE03', 102);
INSERT INTO WORKS_ON VALUES (7, 'RNSECE01', 103);
INSERT INTO WORKS_ON VALUES (5, 'RNSACC01', 104);
INSERT INTO WORKS_ON VALUES (6, 'RNSACC02', 105);
INSERT INTO WORKS_ON VALUES (4, 'RNSISE01', 106);
INSERT INTO WORKS_ON VALUES (10, 'RNSIT01', 107);

-- queries
/* 1. Make a list of all project numbers for projects that involve an employee whose last
name is 'Scott', either as a worker or as a manager of the department that controls the
project. */

	SELECT DISTINCT P.PNO
	FROM PROJECT P, DEPARTMENT D, EMPLOYEE E
	WHERE P.DNO=D.DNO AND 
		D.MGRSSN=E.SSN AND
		E.LNAME='SCOTT'
UNION
	SELECT DISTINCT W.PNO
	FROM WORKS_ON W, EMPLOYEE E1
	WHERE	E1.SSN=W.SSN AND
		E1.LNAME='SCOTT';

/* 2. Show the resulting salaries if every employee working on the 'IoT’ project is given a 10
percent raise. */

SELECT E.FNAME, E.LNAME, 1.1*E.SALARY AS INCR_SAL
FROM EMPLOYEE E, WORKS_ON W, PROJECT P
WHERE E.SSN=W.SSN AND
	W.PNO=P.PNO AND
	P.PNAME='IOT';
	
/* 3. Find the sum of the salaries of all employees of the 'Accounts’ department, as well as
the maximum salary, the minimum salary, and the average salary in this department. */

SELECT SUM(E.SALARY), MAX(E.SALARY), MIN(E.SALARY), AVG(E.SALARY)
FROM EMPLOYEE E, DEPARTMENT D
WHERE E.DNO=D.DNO AND
	D.DNAME='ACCOUNTS';
	
/* 4. Retrieve the name of each employee who works on all the projects Controlled by
department number 5 (use NOT EXISTS operator). */

SELECT E.FNAME, E.LNAME
FROM EMPLOYEE E
WHERE NOT EXISTS(
		SELECT PNO FROM PROJECT WHERE DNO=5
		NOT IN
		(SELECT PNO FROM WORKS_ON WHERE E.SSN=SSN)
	);
	
/* 5. For each department that has more than five employees, retrieve the department
number and the number of its employees who are making more than Rs. 6,00,000. */

SELECT E.DNO, COUNT(E.SSN) as "Number of Employees"
FROM EMPLOYEE E
WHERE	E.SALARY > 600000 AND
	E.DNO IN (SELECT E1.DNO
		  FROM EMPLOYEE E1
		  GROUP BY E1.DNO
		  HAVING COUNT(E1.DNO) > 5 )
GROUP BY E.DNO;